filename,calorie
training/food/63.jpg,167
training/food/823.jpg,424
training/food/1409.jpg,154
training/food/189.jpg,414
training/food/77.jpg,430
training/food/837.jpg,90
training/food/1353.jpg,410
training/food/1435.jpg,197
training/food/1421.jpg,459
training/food/1347.jpg,268
training/food/638.jpg,133
training/food/1390.jpg,114
training/food/604.jpg,176
training/food/162.jpg,398
training/food/176.jpg,350
training/food/88.jpg,264
training/food/610.jpg,142
training/food/1384.jpg,174
training/food/1179.jpg,449
training/food/1151.jpg,450
training/food/1145.jpg,355
training/food/348.jpg,210
training/food/360.jpg,484
training/food/406.jpg,189
training/food/1192.jpg,393
training/food/1186.jpg,451
training/food/412.jpg,375
training/food/374.jpg,407
training/food/1019.jpg,103
training/food/599.jpg,332
training/food/1025.jpg,74
training/food/1031.jpg,383
training/food/228.jpg,246
training/food/214.jpg,163
training/food/572.jpg,298
training/food/566.jpg,319
training/food/200.jpg,284
training/food/957.jpg,248
training/food/943.jpg,81
training/food/1227.jpg,114
training/food/1233.jpg,66
training/food/994.jpg,317
training/food/758.jpg,154
training/food/980.jpg,61
training/food/770.jpg,320
training/food/764.jpg,414
training/food/765.jpg,329
training/food/771.jpg,496
training/food/981.jpg,220
training/food/759.jpg,333
training/food/995.jpg,348
training/food/1232.jpg,81
training/food/1226.jpg,233
training/food/942.jpg,348
training/food/956.jpg,303
training/food/567.jpg,280
training/food/201.jpg,348
training/food/215.jpg,63
training/food/573.jpg,368
training/food/229.jpg,272
training/food/1030.jpg,306
training/food/1024.jpg,118
training/food/598.jpg,213
training/food/1018.jpg,429
training/food/413.jpg,312
training/food/1187.jpg,288
training/food/375.jpg,78
training/food/361.jpg,81
training/food/1193.jpg,189
training/food/407.jpg,71
training/food/349.jpg,407
training/food/1144.jpg,214
training/food/1150.jpg,330
training/food/1178.jpg,244
training/food/177.jpg,124
training/food/1385.jpg,475
training/food/611.jpg,275
training/food/89.jpg,183
training/food/605.jpg,487
training/food/1391.jpg,389
training/food/163.jpg,138
training/food/639.jpg,210
training/food/1420.jpg,350
training/food/1346.jpg,212
training/food/1352.jpg,269
training/food/1434.jpg,190
training/food/188.jpg,321
training/food/836.jpg,110
training/food/76.jpg,170
training/food/822.jpg,226
training/food/62.jpg,177
training/food/1408.jpg,498
training/food/74.jpg,91
training/food/1378.jpg,59
training/food/834.jpg,74
training/food/60.jpg,109
training/food/820.jpg,270
training/food/48.jpg,176
training/food/1344.jpg,404
training/food/808.jpg,113
training/food/1422.jpg,123
training/food/1436.jpg,67
training/food/1350.jpg,464
training/food/149.jpg,440
training/food/613.jpg,280
training/food/1387.jpg,349
training/food/175.jpg,131
training/food/161.jpg,293
training/food/1393.jpg,186
training/food/607.jpg,139
training/food/388.jpg,62
training/food/1146.jpg,80
training/food/1152.jpg,293
training/food/439.jpg,464
training/food/377.jpg,125
training/food/1185.jpg,451
training/food/411.jpg,369
training/food/405.jpg,212
training/food/1191.jpg,282
training/food/363.jpg,365
training/food/1032.jpg,141
training/food/1026.jpg,467
training/food/559.jpg,363
training/food/203.jpg,474
training/food/565.jpg,387
training/food/571.jpg,304
training/food/217.jpg,349
training/food/940.jpg,460
training/food/798.jpg,295
training/food/954.jpg,143
training/food/1218.jpg,497
training/food/1230.jpg,178
training/food/968.jpg,444
training/food/1224.jpg,386
training/food/983.jpg,464
training/food/997.jpg,202
training/food/767.jpg,114
training/food/773.jpg,311
training/food/772.jpg,143
training/food/766.jpg,408
training/food/996.jpg,397
training/food/982.jpg,445
training/food/1225.jpg,252
training/food/969.jpg,322
training/food/1231.jpg,312
training/food/1219.jpg,106
training/food/955.jpg,339
training/food/799.jpg,57
training/food/941.jpg,484
training/food/570.jpg,85
training/food/216.jpg,116
training/food/202.jpg,358
training/food/564.jpg,494
training/food/558.jpg,122
training/food/1027.jpg,221
training/food/1033.jpg,442
training/food/1190.jpg,423
training/food/404.jpg,50
training/food/362.jpg,300
training/food/376.jpg,360
training/food/410.jpg,184
training/food/1184.jpg,388
training/food/438.jpg,136
training/food/1153.jpg,418
training/food/1147.jpg,215
training/food/389.jpg,219
training/food/160.jpg,180
training/food/606.jpg,53
training/food/1392.jpg,322
training/food/1386.jpg,96
training/food/612.jpg,484
training/food/174.jpg,471
training/food/148.jpg,473
training/food/1437.jpg,164
training/food/1351.jpg,269
training/food/809.jpg,131
training/food/1345.jpg,285
training/food/49.jpg,406
training/food/1423.jpg,261
training/food/821.jpg,107
training/food/61.jpg,298
training/food/835.jpg,280
training/food/1379.jpg,83
training/food/75.jpg,448
training/food/1427.jpg,245
training/food/1341.jpg,280
training/food/1355.jpg,182
training/food/59.jpg,200
training/food/819.jpg,190
training/food/1433.jpg,258
training/food/71.jpg,150
training/food/831.jpg,122
training/food/1369.jpg,476
training/food/65.jpg,346
training/food/825.jpg,494
training/food/170.jpg,265
training/food/616.jpg,221
training/food/1382.jpg,393
training/food/1396.jpg,119
training/food/602.jpg,392
training/food/164.jpg,234
training/food/158.jpg,375
training/food/1143.jpg,93
training/food/1157.jpg,307
training/food/399.jpg,468
training/food/1180.jpg,96
training/food/414.jpg,87
training/food/372.jpg,169
training/food/366.jpg,364
training/food/400.jpg,446
training/food/1194.jpg,396
training/food/428.jpg,268
training/food/1037.jpg,349
training/food/1023.jpg,450
training/food/560.jpg,138
training/food/206.jpg,468
training/food/212.jpg,245
training/food/574.jpg,382
training/food/548.jpg,493
training/food/979.jpg,409
training/food/1235.jpg,212
training/food/1221.jpg,293
training/food/945.jpg,386
training/food/1209.jpg,227
training/food/951.jpg,87
training/food/789.jpg,132
training/food/762.jpg,348
training/food/776.jpg,382
training/food/986.jpg,351
training/food/992.jpg,294
training/food/993.jpg,284
training/food/987.jpg,115
training/food/777.jpg,294
training/food/763.jpg,310
training/food/788.jpg,242
training/food/950.jpg,402
training/food/1208.jpg,264
training/food/944.jpg,310
training/food/1220.jpg,237
training/food/1234.jpg,426
training/food/978.jpg,491
training/food/549.jpg,88
training/food/213.jpg,168
training/food/575.jpg,498
training/food/561.jpg,273
training/food/207.jpg,104
training/food/1022.jpg,196
training/food/1036.jpg,98
training/food/429.jpg,190
training/food/367.jpg,89
training/food/1195.jpg,485
training/food/401.jpg,324
training/food/415.jpg,444
training/food/1181.jpg,152
training/food/373.jpg,237
training/food/398.jpg,431
training/food/1156.jpg,346
training/food/1142.jpg,148
training/food/159.jpg,490
training/food/603.jpg,129
training/food/1397.jpg,247
training/food/165.jpg,120
training/food/171.jpg,159
training/food/1383.jpg,341
training/food/617.jpg,449
training/food/824.jpg,281
training/food/64.jpg,262
training/food/1368.jpg,348
training/food/830.jpg,146
training/food/70.jpg,328
training/food/818.jpg,500
training/food/58.jpg,129
training/food/1354.jpg,462
training/food/1432.jpg,496
training/food/1426.jpg,227
training/food/1340.jpg,454
training/food/1430.jpg,317
training/food/8.jpg,423
training/food/1356.jpg,478
training/food/1342.jpg,143
training/food/1424.jpg,162
training/food/198.jpg,132
training/food/66.jpg,462
training/food/826.jpg,451
training/food/72.jpg,329
training/food/832.jpg,79
training/food/1418.jpg,188
training/food/167.jpg,412
training/food/1395.jpg,195
training/food/601.jpg,226
training/food/99.jpg,192
training/food/615.jpg,237
training/food/1381.jpg,143
training/food/173.jpg,174
training/food/629.jpg,424
training/food/1154.jpg,208
training/food/1140.jpg,460
training/food/1168.jpg,325
training/food/403.jpg,224
training/food/1197.jpg,475
training/food/365.jpg,106
training/food/371.jpg,291
training/food/1183.jpg,250
training/food/417.jpg,283
training/food/359.jpg,437
training/food/1020.jpg,223
training/food/1034.jpg,327
training/food/588.jpg,452
training/food/1008.jpg,163
training/food/577.jpg,131
training/food/211.jpg,171
training/food/205.jpg,346
training/food/563.jpg,201
training/food/239.jpg,144
training/food/1222.jpg,180
training/food/1236.jpg,441
training/food/952.jpg,82
training/food/946.jpg,464
training/food/775.jpg,144
training/food/761.jpg,96
training/food/749.jpg,398
training/food/991.jpg,85
training/food/985.jpg,341
training/food/984.jpg,278
training/food/990.jpg,130
training/food/748.jpg,66
training/food/760.jpg,202
training/food/774.jpg,285
training/food/947.jpg,488
training/food/953.jpg,367
training/food/1237.jpg,228
training/food/1223.jpg,324
training/food/238.jpg,275
training/food/204.jpg,133
training/food/562.jpg,467
training/food/576.jpg,392
training/food/210.jpg,120
training/food/1009.jpg,278
training/food/589.jpg,474
training/food/1035.jpg,118
training/food/1021.jpg,300
training/food/358.jpg,299
training/food/370.jpg,343
training/food/416.jpg,115
training/food/1182.jpg,53
training/food/1196.jpg,479
training/food/402.jpg,93
training/food/364.jpg,311
training/food/1169.jpg,413
training/food/1141.jpg,126
training/food/1155.jpg,92
training/food/628.jpg,484
training/food/1380.jpg,58
training/food/614.jpg,300
training/food/172.jpg,380
training/food/166.jpg,374
training/food/98.jpg,195
training/food/600.jpg,147
training/food/1394.jpg,430
training/food/833.jpg,245
training/food/73.jpg,75
training/food/1419.jpg,467
training/food/199.jpg,483
training/food/827.jpg,320
training/food/67.jpg,187
training/food/1343.jpg,498
training/food/1425.jpg,361
training/food/9.jpg,67
training/food/1431.jpg,133
training/food/1357.jpg,263
training/food/698.jpg,396
training/food/840.jpg,435
training/food/14.jpg,162
training/food/1318.jpg,322
training/food/854.jpg,122
training/food/1456.jpg,386
training/food/1330.jpg,359
training/food/28.jpg,380
training/food/1324.jpg,263
training/food/868.jpg,71
training/food/1442.jpg,96
training/food/883.jpg,449
training/food/897.jpg,216
training/food/129.jpg,146
training/food/1495.jpg,54
training/food/101.jpg,215
training/food/667.jpg,76
training/food/673.jpg,233
training/food/115.jpg,201
training/food/1481.jpg,149
training/food/1132.jpg,287
training/food/1126.jpg,346
training/food/459.jpg,85
training/food/465.jpg,308
training/food/303.jpg,209
training/food/317.jpg,91
training/food/471.jpg,412
training/food/288.jpg,394
training/food/1046.jpg,324
training/food/1052.jpg,488
training/food/539.jpg,195
training/food/511.jpg,318
training/food/1085.jpg,97
training/food/277.jpg,151
training/food/263.jpg,337
training/food/1091.jpg,216
training/food/505.jpg,378
training/food/934.jpg,252
training/food/1278.jpg,149
training/food/920.jpg,150
training/food/908.jpg,302
training/food/1244.jpg,51
training/food/1250.jpg,191
training/food/1287.jpg,399
training/food/713.jpg,58
training/food/707.jpg,280
training/food/1293.jpg,376
training/food/1292.jpg,72
training/food/706.jpg,366
training/food/712.jpg,118
training/food/1286.jpg,275
training/food/1251.jpg,367
training/food/1245.jpg,174
training/food/909.jpg,262
training/food/921.jpg,114
training/food/1279.jpg,237
training/food/935.jpg,89
training/food/262.jpg,452
training/food/504.jpg,186
training/food/1090.jpg,403
training/food/1084.jpg,336
training/food/510.jpg,437
training/food/276.jpg,395
training/food/538.jpg,119
training/food/1053.jpg,492
training/food/1047.jpg,454
training/food/289.jpg,363
training/food/316.jpg,220
training/food/470.jpg,487
training/food/464.jpg,275
training/food/302.jpg,324
training/food/458.jpg,313
training/food/1127.jpg,192
training/food/1133.jpg,402
training/food/672.jpg,206
training/food/1480.jpg,447
training/food/114.jpg,123
training/food/100.jpg,384
training/food/1494.jpg,165
training/food/666.jpg,255
training/food/896.jpg,361
training/food/128.jpg,183
training/food/882.jpg,460
training/food/869.jpg,127
training/food/1325.jpg,384
training/food/29.jpg,275
training/food/1443.jpg,294
training/food/1457.jpg,319
training/food/1331.jpg,127
training/food/855.jpg,85
training/food/1319.jpg,98
training/food/15.jpg,69
training/food/841.jpg,66
training/food/699.jpg,200
training/food/17.jpg,179
training/food/857.jpg,448
training/food/843.jpg,262
training/food/1469.jpg,116
training/food/1441.jpg,267
training/food/1327.jpg,442
training/food/1333.jpg,210
training/food/1455.jpg,140
training/food/894.jpg,184
training/food/880.jpg,414
training/food/658.jpg,119
training/food/116.jpg,390
training/food/1482.jpg,392
training/food/670.jpg,255
training/food/664.jpg,486
training/food/1496.jpg,363
training/food/102.jpg,379
training/food/1119.jpg,387
training/food/499.jpg,175
training/food/1125.jpg,374
training/food/1131.jpg,418
training/food/328.jpg,340
training/food/472.jpg,155
training/food/314.jpg,318
training/food/300.jpg,71
training/food/466.jpg,206
training/food/1079.jpg,90
training/food/1051.jpg,177
training/food/1045.jpg,149
training/food/248.jpg,144
training/food/1092.jpg,71
training/food/506.jpg,245
training/food/260.jpg,316
training/food/274.jpg,292
training/food/512.jpg,124
training/food/1086.jpg,284
training/food/923.jpg,204
training/food/937.jpg,487
training/food/1253.jpg,270
training/food/1247.jpg,128
training/food/738.jpg,494
training/food/704.jpg,439
training/food/1290.jpg,456
training/food/1284.jpg,371
training/food/710.jpg,292
training/food/711.jpg,497
training/food/1285.jpg,121
training/food/1291.jpg,470
training/food/705.jpg,50
training/food/739.jpg,347
training/food/1246.jpg,249
training/food/1252.jpg,205
training/food/936.jpg,323
training/food/922.jpg,209
training/food/275.jpg,130
training/food/1087.jpg,464
training/food/513.jpg,301
training/food/507.jpg,89
training/food/1093.jpg,457
training/food/261.jpg,219
training/food/249.jpg,342
training/food/1044.jpg,375
training/food/1050.jpg,56
training/food/1078.jpg,171
training/food/301.jpg,427
training/food/467.jpg,217
training/food/473.jpg,289
training/food/315.jpg,184
training/food/329.jpg,293
training/food/1130.jpg,479
training/food/1124.jpg,195
training/food/498.jpg,72
training/food/1118.jpg,160
training/food/665.jpg,241
training/food/103.jpg,203
training/food/1497.jpg,242
training/food/1483.jpg,444
training/food/117.jpg,375
training/food/671.jpg,378
training/food/659.jpg,74
training/food/881.jpg,212
training/food/895.jpg,318
training/food/1332.jpg,349
training/food/1454.jpg,479
training/food/1440.jpg,205
training/food/1326.jpg,345
training/food/842.jpg,438
training/food/1468.jpg,126
training/food/856.jpg,146
training/food/16.jpg,464
training/food/1322.jpg,278
training/food/1444.jpg,52
training/food/1450.jpg,216
training/food/1336.jpg,484
training/food/12.jpg,451
training/food/852.jpg,148
training/food/1478.jpg,370
training/food/846.jpg,220
training/food/675.jpg,437
training/food/113.jpg,393
training/food/1487.jpg,417
training/food/1493.jpg,439
training/food/107.jpg,459
training/food/661.jpg,88
training/food/891.jpg,460
training/food/649.jpg,398
training/food/885.jpg,356
training/food/1120.jpg,362
training/food/1134.jpg,228
training/food/488.jpg,467
training/food/1108.jpg,472
training/food/311.jpg,142
training/food/477.jpg,160
training/food/463.jpg,278
training/food/305.jpg,339
training/food/339.jpg,263
training/food/1054.jpg,312
training/food/1040.jpg,461
training/food/1068.jpg,470
training/food/265.jpg,185
training/food/1097.jpg,120
training/food/503.jpg,53
training/food/517.jpg,476
training/food/1083.jpg,215
training/food/271.jpg,68
training/food/259.jpg,394
training/food/1256.jpg,278
training/food/1242.jpg,301
training/food/926.jpg,194
training/food/932.jpg,155
training/food/701.jpg,250
training/food/1295.jpg,305
training/food/1281.jpg,237
training/food/715.jpg,482
training/food/729.jpg,341
training/food/728.jpg,264
training/food/714.jpg,424
training/food/1280.jpg,101
training/food/1294.jpg,341
training/food/700.jpg,227
training/food/933.jpg,392
training/food/927.jpg,351
training/food/1243.jpg,192
training/food/1257.jpg,101
training/food/258.jpg,346
training/food/1082.jpg,75
training/food/516.jpg,215
training/food/270.jpg,64
training/food/264.jpg,256
training/food/502.jpg,102
training/food/1096.jpg,403
training/food/1069.jpg,298
training/food/1041.jpg,371
training/food/1055.jpg,56
training/food/338.jpg,238
training/food/462.jpg,143
training/food/304.jpg,349
training/food/310.jpg,65
training/food/476.jpg,99
training/food/1109.jpg,297
training/food/489.jpg,263
training/food/1135.jpg,385
training/food/1121.jpg,132
training/food/884.jpg,133
training/food/648.jpg,314
training/food/890.jpg,165
training/food/106.jpg,233
training/food/1492.jpg,343
training/food/660.jpg,263
training/food/674.jpg,370
training/food/1486.jpg,281
training/food/112.jpg,170
training/food/847.jpg,364
training/food/853.jpg,246
training/food/13.jpg,432
training/food/1479.jpg,484
training/food/1451.jpg,69
training/food/1337.jpg,331
training/food/1323.jpg,271
training/food/1445.jpg,423
training/food/1335.jpg,155
training/food/39.jpg,348
training/food/879.jpg,411
training/food/1453.jpg,174
training/food/1447.jpg,428
training/food/1321.jpg,234
training/food/1309.jpg,172
training/food/845.jpg,489
training/food/689.jpg,480
training/food/11.jpg,463
training/food/851.jpg,222
training/food/662.jpg,372
training/food/1490.jpg,77
training/food/104.jpg,311
training/food/110.jpg,69
training/food/1484.jpg,344
training/food/676.jpg,192
training/food/886.jpg,363
training/food/138.jpg,236
training/food/892.jpg,259
training/food/1137.jpg,281
training/food/1123.jpg,426
training/food/306.jpg,326
training/food/460.jpg,282
training/food/474.jpg,172
training/food/312.jpg,52
training/food/448.jpg,124
training/food/1043.jpg,192
training/food/1057.jpg,77
training/food/299.jpg,145
training/food/272.jpg,341
training/food/514.jpg,314
training/food/1080.jpg,51
training/food/1094.jpg,388
training/food/500.jpg,132
training/food/266.jpg,490
training/food/528.jpg,377
training/food/1241.jpg,203
training/food/919.jpg,288
training/food/1255.jpg,451
training/food/931.jpg,207
training/food/925.jpg,191
training/food/1269.jpg,417
training/food/1282.jpg,164
training/food/716.jpg,295
training/food/702.jpg,497
training/food/1296.jpg,282
training/food/1297.jpg,348
training/food/703.jpg,485
training/food/717.jpg,341
training/food/1283.jpg,367
training/food/1268.jpg,78
training/food/924.jpg,214
training/food/930.jpg,487
training/food/1254.jpg,434
training/food/918.jpg,260
training/food/1240.jpg,190
training/food/529.jpg,365
training/food/501.jpg,54
training/food/1095.jpg,328
training/food/267.jpg,125
training/food/273.jpg,443
training/food/1081.jpg,402
training/food/515.jpg,344
training/food/298.jpg,356
training/food/1056.jpg,80
training/food/1042.jpg,205
training/food/449.jpg,309
training/food/475.jpg,444
training/food/313.jpg,349
training/food/307.jpg,419
training/food/461.jpg,184
training/food/1122.jpg,114
training/food/1136.jpg,175
training/food/893.jpg,434
training/food/887.jpg,182
training/food/139.jpg,267
training/food/1485.jpg,377
training/food/111.jpg,303
training/food/677.jpg,188
training/food/663.jpg,124
training/food/105.jpg,491
training/food/1491.jpg,162
training/food/850.jpg,457
training/food/10.jpg,423
training/food/688.jpg,320
training/food/844.jpg,173
training/food/1308.jpg,152
training/food/1446.jpg,125
training/food/1320.jpg,233
training/food/878.jpg,143
training/food/38.jpg,398
training/food/1334.jpg,122
training/food/1452.jpg,303
training/food/21.jpg,323
training/food/861.jpg,51
training/food/35.jpg,323
training/food/1339.jpg,222
training/food/875.jpg,448
training/food/1477.jpg,456
training/food/685.jpg,150
training/food/1311.jpg,432
training/food/1305.jpg,490
training/food/691.jpg,400
training/food/849.jpg,197
training/food/1463.jpg,246
training/food/1488.jpg,213
training/food/108.jpg,357
training/food/120.jpg,259
training/food/646.jpg,453
training/food/652.jpg,320
training/food/134.jpg,270
training/food/1113.jpg,408
training/food/487.jpg,136
training/food/493.jpg,226
training/food/1107.jpg,65
training/food/478.jpg,327
training/food/444.jpg,311
training/food/322.jpg,96
training/food/336.jpg,467
training/food/450.jpg,327
training/food/1067.jpg,152
training/food/295.jpg,267
training/food/281.jpg,76
training/food/1073.jpg,157
training/food/1098.jpg,456
training/food/518.jpg,233
training/food/530.jpg,323
training/food/256.jpg,72
training/food/242.jpg,322
training/food/524.jpg,429
training/food/915.jpg,362
training/food/1259.jpg,225
training/food/901.jpg,157
training/food/929.jpg,287
training/food/1265.jpg,120
training/food/1271.jpg,268
training/food/732.jpg,181
training/food/726.jpg,289
training/food/727.jpg,204
training/food/733.jpg,233
training/food/1270.jpg,80
training/food/1264.jpg,466
training/food/928.jpg,378
training/food/900.jpg,374
training/food/1258.jpg,444
training/food/914.jpg,430
training/food/243.jpg,227
training/food/525.jpg,349
training/food/531.jpg,93
training/food/257.jpg,243
training/food/519.jpg,470
training/food/1099.jpg,477
training/food/280.jpg,457
training/food/1072.jpg,412
training/food/1066.jpg,413
training/food/294.jpg,391
training/food/337.jpg,483
training/food/451.jpg,447
training/food/445.jpg,211
training/food/323.jpg,199
training/food/479.jpg,461
training/food/1106.jpg,281
training/food/492.jpg,119
training/food/486.jpg,260
training/food/1112.jpg,137
training/food/653.jpg,440
training/food/135.jpg,477
training/food/121.jpg,366
training/food/647.jpg,401
training/food/109.jpg,203
training/food/1489.jpg,337
training/food/848.jpg,334
training/food/690.jpg,128
training/food/1304.jpg,103
training/food/1462.jpg,240
training/food/1476.jpg,495
training/food/1310.jpg,108
training/food/684.jpg,313
training/food/874.jpg,120
training/food/1338.jpg,144
training/food/34.jpg,436
training/food/860.jpg,314
training/food/20.jpg,244
training/food/36.jpg,402
training/food/876.jpg,110
training/food/22.jpg,187
training/food/862.jpg,198
training/food/1448.jpg,319
training/food/1460.jpg,486
training/food/1306.jpg,138
training/food/692.jpg,398
training/food/686.jpg,239
training/food/1312.jpg,303
training/food/1474.jpg,100
training/food/679.jpg,259
training/food/137.jpg,500
training/food/889.jpg,257
training/food/651.jpg,161
training/food/645.jpg,496
training/food/123.jpg,138
training/food/1138.jpg,396
training/food/490.jpg,85
training/food/1104.jpg,330
training/food/1110.jpg,190
training/food/484.jpg,112
training/food/309.jpg,55
training/food/453.jpg,245
training/food/335.jpg,259
training/food/321.jpg,479
training/food/447.jpg,195
training/food/1058.jpg,178
training/food/1070.jpg,102
training/food/282.jpg,219
training/food/296.jpg,276
training/food/1064.jpg,188
training/food/269.jpg,312
training/food/527.jpg,61
training/food/241.jpg,431
training/food/255.jpg,119
training/food/533.jpg,286
training/food/902.jpg,399
training/food/916.jpg,397
training/food/1272.jpg,412
training/food/1266.jpg,298
training/food/719.jpg,133
training/food/1299.jpg,70
training/food/725.jpg,82
training/food/731.jpg,309
training/food/730.jpg,156
training/food/724.jpg,358
training/food/1298.jpg,168
training/food/718.jpg,131
training/food/1267.jpg,269
training/food/1273.jpg,250
training/food/917.jpg,381
training/food/903.jpg,320
training/food/254.jpg,183
training/food/532.jpg,196
training/food/526.jpg,275
training/food/240.jpg,145
training/food/268.jpg,353
training/food/297.jpg,431
training/food/1065.jpg,84
training/food/1071.jpg,414
training/food/283.jpg,354
training/food/1059.jpg,116
training/food/320.jpg,124
training/food/446.jpg,189
training/food/452.jpg,161
training/food/334.jpg,51
training/food/308.jpg,56
training/food/485.jpg,388
training/food/1111.jpg,455
training/food/1105.jpg,287
training/food/491.jpg,143
training/food/1139.jpg,251
training/food/644.jpg,339
training/food/122.jpg,451
training/food/136.jpg,472
training/food/650.jpg,330
training/food/888.jpg,397
training/food/678.jpg,219
training/food/1313.jpg,424
training/food/687.jpg,55
training/food/1475.jpg,154
training/food/1461.jpg,77
training/food/693.jpg,131
training/food/1307.jpg,343
training/food/863.jpg,320
training/food/23.jpg,120
training/food/1449.jpg,176
training/food/877.jpg,170
training/food/37.jpg,191
training/food/1303.jpg,469
training/food/697.jpg,215
training/food/1465.jpg,324
training/food/1471.jpg,57
training/food/683.jpg,66
training/food/1317.jpg,86
training/food/33.jpg,230
training/food/873.jpg,221
training/food/1459.jpg,386
training/food/27.jpg,115
training/food/867.jpg,225
training/food/654.jpg,415
training/food/132.jpg,307
training/food/126.jpg,368
training/food/898.jpg,456
training/food/640.jpg,229
training/food/668.jpg,304
training/food/495.jpg,176
training/food/1101.jpg,60
training/food/1115.jpg,109
training/food/481.jpg,364
training/food/1129.jpg,265
training/food/330.jpg,398
training/food/456.jpg,325
training/food/442.jpg,137
training/food/324.jpg,281
training/food/318.jpg,434
training/food/287.jpg,364
training/food/1075.jpg,288
training/food/1061.jpg,74
training/food/293.jpg,266
training/food/1049.jpg,145
training/food/244.jpg,459
training/food/522.jpg,339
training/food/536.jpg,295
training/food/250.jpg,304
training/food/278.jpg,179
training/food/1277.jpg,340
training/food/1263.jpg,218
training/food/907.jpg,276
training/food/913.jpg,234
training/food/720.jpg,183
training/food/734.jpg,482
training/food/1288.jpg,380
training/food/708.jpg,130
training/food/709.jpg,394
training/food/1289.jpg,393
training/food/735.jpg,275
training/food/721.jpg,180
training/food/912.jpg,428
training/food/906.jpg,425
training/food/1262.jpg,459
training/food/1276.jpg,443
training/food/279.jpg,350
training/food/537.jpg,288
training/food/251.jpg,148
training/food/245.jpg,418
training/food/523.jpg,467
training/food/1048.jpg,349
training/food/1060.jpg,54
training/food/292.jpg,421
training/food/286.jpg,445
training/food/1074.jpg,338
training/food/319.jpg,210
training/food/443.jpg,140
training/food/325.jpg,136
training/food/331.jpg,101
training/food/457.jpg,338
training/food/1128.jpg,296
training/food/480.jpg,257
training/food/1114.jpg,305
training/food/1100.jpg,320
training/food/494.jpg,402
training/food/669.jpg,253
training/food/127.jpg,473
training/food/641.jpg,438
training/food/899.jpg,490
training/food/655.jpg,81
training/food/133.jpg,129
training/food/866.jpg,272
training/food/26.jpg,291
training/food/872.jpg,491
training/food/32.jpg,175
training/food/1458.jpg,315
training/food/1470.jpg,335
training/food/1316.jpg,164
training/food/682.jpg,336
training/food/696.jpg,193
training/food/1302.jpg,404
training/food/1464.jpg,50
training/food/680.jpg,383
training/food/1314.jpg,167
training/food/18.jpg,308
training/food/858.jpg,319
training/food/1472.jpg,435
training/food/1466.jpg,296
training/food/1300.jpg,498
training/food/694.jpg,88
training/food/1328.jpg,466
training/food/24.jpg,466
training/food/864.jpg,277
training/food/30.jpg,450
training/food/870.jpg,435
training/food/643.jpg,485
training/food/125.jpg,314
training/food/131.jpg,460
training/food/657.jpg,500
training/food/119.jpg,473
training/food/1499.jpg,343
training/food/1116.jpg,357
training/food/482.jpg,341
training/food/496.jpg,402
training/food/1102.jpg,243
training/food/327.jpg,445
training/food/441.jpg,194
training/food/455.jpg,312
training/food/333.jpg,363
training/food/469.jpg,325
training/food/290.jpg,110
training/food/1062.jpg,108
training/food/1076.jpg,97
training/food/284.jpg,434
training/food/253.jpg,233
training/food/535.jpg,293
training/food/521.jpg,129
training/food/247.jpg,199
training/food/509.jpg,500
training/food/1089.jpg,82
training/food/1260.jpg,51
training/food/938.jpg,245
training/food/1274.jpg,461
training/food/910.jpg,61
training/food/904.jpg,429
training/food/1248.jpg,460
training/food/737.jpg,106
training/food/723.jpg,107
training/food/722.jpg,456
training/food/736.jpg,72
training/food/1249.jpg,324
training/food/905.jpg,383
training/food/911.jpg,65
training/food/1275.jpg,169
training/food/939.jpg,478
training/food/1261.jpg,448
training/food/1088.jpg,134
training/food/508.jpg,229
training/food/520.jpg,379
training/food/246.jpg,123
training/food/252.jpg,465
training/food/534.jpg,357
training/food/1077.jpg,131
training/food/285.jpg,386
training/food/291.jpg,243
training/food/1063.jpg,351
training/food/468.jpg,177
training/food/454.jpg,288
training/food/332.jpg,51
training/food/326.jpg,56
training/food/440.jpg,188
training/food/1103.jpg,336
training/food/497.jpg,143
training/food/483.jpg,151
training/food/1117.jpg,193
training/food/1498.jpg,132
training/food/118.jpg,347
training/food/130.jpg,422
training/food/656.jpg,214
training/food/642.jpg,408
training/food/124.jpg,267
training/food/871.jpg,280
training/food/31.jpg,228
training/food/865.jpg,431
training/food/25.jpg,318
training/food/1329.jpg,368
training/food/1467.jpg,492
training/food/695.jpg,438
training/food/1301.jpg,436
training/food/859.jpg,289
training/food/19.jpg,98
training/food/1315.jpg,465
training/food/681.jpg,60
training/food/1473.jpg,276
training/food/42.jpg,116
training/food/802.jpg,237
training/food/1428.jpg,482
training/food/4.jpg,319
training/food/56.jpg,468
training/food/816.jpg,458
training/food/1372.jpg,460
training/food/180.jpg,188
training/food/1414.jpg,118
training/food/1400.jpg,64
training/food/194.jpg,319
training/food/1366.jpg,317
training/food/81.jpg,67
training/food/619.jpg,57
training/food/95.jpg,178
training/food/1399.jpg,290
training/food/625.jpg,231
training/food/143.jpg,331
training/food/157.jpg,499
training/food/631.jpg,247
training/food/1158.jpg,195
training/food/382.jpg,59
training/food/1170.jpg,323
training/food/1164.jpg,337
training/food/396.jpg,327
training/food/369.jpg,196
training/food/341.jpg,443
training/food/427.jpg,378
training/food/433.jpg,340
training/food/355.jpg,114
training/food/1038.jpg,220
training/food/1004.jpg,89
training/food/590.jpg,265
training/food/584.jpg,209
training/food/1010.jpg,325
training/food/209.jpg,462
training/food/235.jpg,82
training/food/553.jpg,485
training/food/547.jpg,52
training/food/221.jpg,481
training/food/976.jpg,428
training/food/962.jpg,175
training/food/792.jpg,170
training/food/1206.jpg,105
training/food/1212.jpg,242
training/food/786.jpg,284
training/food/779.jpg,251
training/food/751.jpg,296
training/food/989.jpg,335
training/food/745.jpg,130
training/food/744.jpg,241
training/food/988.jpg,254
training/food/750.jpg,367
training/food/778.jpg,162
training/food/787.jpg,133
training/food/1213.jpg,345
training/food/1207.jpg,218
training/food/793.jpg,111
training/food/963.jpg,363
training/food/977.jpg,266
training/food/546.jpg,62
training/food/220.jpg,142
training/food/234.jpg,320
training/food/552.jpg,454
training/food/208.jpg,389
training/food/1011.jpg,354
training/food/585.jpg,202
training/food/591.jpg,88
training/food/1005.jpg,94
training/food/1039.jpg,134
training/food/432.jpg,227
training/food/354.jpg,229
training/food/340.jpg,412
training/food/426.jpg,68
training/food/368.jpg,277
training/food/1165.jpg,280
training/food/397.jpg,321
training/food/383.jpg,139
training/food/1171.jpg,82
training/food/1159.jpg,477
training/food/156.jpg,462
training/food/630.jpg,76
training/food/624.jpg,448
training/food/142.jpg,84
training/food/1398.jpg,409
training/food/94.jpg,199
training/food/618.jpg,66
training/food/80.jpg,479
training/food/195.jpg,213
training/food/1401.jpg,400
training/food/1367.jpg,493
training/food/1373.jpg,353
training/food/1415.jpg,446
training/food/181.jpg,167
training/food/5.jpg,132
training/food/817.jpg,335
training/food/57.jpg,158
training/food/803.jpg,237
training/food/43.jpg,278
training/food/1429.jpg,125
training/food/55.jpg,448
training/food/1359.jpg,57
training/food/815.jpg,416
training/food/7.jpg,97
training/food/41.jpg,194
training/food/801.jpg,96
training/food/69.jpg,440
training/food/1365.jpg,230
training/food/829.jpg,272
training/food/1403.jpg,319
training/food/197.jpg,405
training/food/183.jpg,71
training/food/1417.jpg,418
training/food/1371.jpg,182
training/food/96.jpg,312
training/food/168.jpg,410
training/food/82.jpg,117
training/food/632.jpg,423
training/food/154.jpg,161
training/food/140.jpg,383
training/food/626.jpg,319
training/food/395.jpg,85
training/food/1167.jpg,137
training/food/1173.jpg,176
training/food/381.jpg,491
training/food/1198.jpg,216
training/food/418.jpg,388
training/food/356.jpg,108
training/food/430.jpg,111
training/food/424.jpg,473
training/food/342.jpg,347
training/food/587.jpg,142
training/food/1013.jpg,181
training/food/1007.jpg,373
training/food/593.jpg,237
training/food/578.jpg,210
training/food/222.jpg,314
training/food/544.jpg,83
training/food/550.jpg,241
training/food/236.jpg,327
training/food/961.jpg,220
training/food/975.jpg,270
training/food/1239.jpg,342
training/food/1211.jpg,310
training/food/785.jpg,301
training/food/949.jpg,203
training/food/791.jpg,82
training/food/1205.jpg,158
training/food/746.jpg,433
training/food/752.jpg,84
training/food/753.jpg,305
training/food/747.jpg,377
training/food/1204.jpg,99
training/food/790.jpg,287
training/food/948.jpg,119
training/food/784.jpg,71
training/food/1210.jpg,294
training/food/1238.jpg,324
training/food/974.jpg,485
training/food/960.jpg,365
training/food/551.jpg,260
training/food/237.jpg,300
training/food/223.jpg,432
training/food/545.jpg,116
training/food/579.jpg,325
training/food/592.jpg,261
training/food/1006.jpg,177
training/food/1012.jpg,383
training/food/586.jpg,483
training/food/425.jpg,227
training/food/343.jpg,102
training/food/357.jpg,253
training/food/431.jpg,443
training/food/419.jpg,213
training/food/1199.jpg,65
training/food/1172.jpg,194
training/food/380.jpg,225
training/food/394.jpg,430
training/food/1166.jpg,369
training/food/141.jpg,212
training/food/627.jpg,89
training/food/633.jpg,346
training/food/155.jpg,375
training/food/83.jpg,279
training/food/97.jpg,119
training/food/169.jpg,76
training/food/1416.jpg,347
training/food/182.jpg,234
training/food/1370.jpg,66
training/food/828.jpg,417
training/food/1364.jpg,198
training/food/68.jpg,356
training/food/196.jpg,388
training/food/1402.jpg,199
training/food/800.jpg,451
training/food/40.jpg,199
training/food/814.jpg,353
training/food/1358.jpg,444
training/food/54.jpg,304
training/food/6.jpg,427
training/food/1406.jpg,66
training/food/192.jpg,408
training/food/1360.jpg,297
training/food/1374.jpg,415
training/food/78.jpg,174
training/food/838.jpg,60
training/food/186.jpg,420
training/food/1412.jpg,463
training/food/2.jpg,96
training/food/50.jpg,62
training/food/810.jpg,76
training/food/1348.jpg,228
training/food/44.jpg,405
training/food/804.jpg,486
training/food/151.jpg,220
training/food/637.jpg,179
training/food/623.jpg,330
training/food/145.jpg,102
training/food/93.jpg,472
training/food/87.jpg,364
training/food/179.jpg,174
training/food/1162.jpg,415
training/food/390.jpg,450
training/food/384.jpg,213
training/food/1176.jpg,141
training/food/435.jpg,455
training/food/353.jpg,95
training/food/347.jpg,259
training/food/421.jpg,341
training/food/409.jpg,180
training/food/1189.jpg,243
training/food/582.jpg,220
training/food/1016.jpg,58
training/food/1002.jpg,419
training/food/596.jpg,66
training/food/541.jpg,408
training/food/227.jpg,80
training/food/233.jpg,216
training/food/555.jpg,248
training/food/569.jpg,237
training/food/958.jpg,410
training/food/1214.jpg,314
training/food/780.jpg,480
training/food/794.jpg,497
training/food/1200.jpg,323
training/food/964.jpg,259
training/food/1228.jpg,273
training/food/970.jpg,56
training/food/743.jpg,59
training/food/757.jpg,255
training/food/756.jpg,247
training/food/742.jpg,256
training/food/971.jpg,313
training/food/1229.jpg,218
training/food/965.jpg,400
training/food/1201.jpg,273
training/food/795.jpg,412
training/food/781.jpg,453
training/food/1215.jpg,342
training/food/959.jpg,380
training/food/568.jpg,149
training/food/232.jpg,159
training/food/554.jpg,284
training/food/540.jpg,235
training/food/226.jpg,313
training/food/597.jpg,408
training/food/1003.jpg,395
training/food/1017.jpg,52
training/food/583.jpg,274
training/food/1188.jpg,407
training/food/408.jpg,416
training/food/346.jpg,280
training/food/420.jpg,114
training/food/434.jpg,413
training/food/352.jpg,355
training/food/385.jpg,494
training/food/1177.jpg,337
training/food/1163.jpg,366
training/food/391.jpg,432
training/food/86.jpg,122
training/food/178.jpg,54
training/food/92.jpg,395
training/food/622.jpg,168
training/food/144.jpg,274
training/food/150.jpg,333
training/food/636.jpg,330
training/food/805.jpg,240
training/food/45.jpg,336
training/food/1349.jpg,391
training/food/3.jpg,192
training/food/811.jpg,469
training/food/51.jpg,261
training/food/839.jpg,145
training/food/79.jpg,223
training/food/1375.jpg,239
training/food/1413.jpg,185
training/food/187.jpg,395
training/food/193.jpg,149
training/food/1407.jpg,191
training/food/1361.jpg,263
training/food/185.jpg,315
training/food/1411.jpg,178
training/food/1377.jpg,431
training/food/1363.jpg,350
training/food/1405.jpg,277
training/food/191.jpg,412
training/food/47.jpg,444
training/food/807.jpg,471
training/food/53.jpg,106
training/food/813.jpg,431
training/food/1.jpg,220
training/food/1439.jpg,273
training/food/146.jpg,354
training/food/620.jpg,297
training/food/634.jpg,203
training/food/152.jpg,466
training/food/1388.jpg,80
training/food/84.jpg,441
training/food/608.jpg,265
training/food/90.jpg,163
training/food/1175.jpg,439
training/food/387.jpg,224
training/food/393.jpg,387
training/food/1161.jpg,246
training/food/1149.jpg,225
training/food/422.jpg,123
training/food/344.jpg,259
training/food/350.jpg,119
training/food/436.jpg,102
training/food/378.jpg,371
training/food/1001.jpg,485
training/food/595.jpg,301
training/food/581.jpg,357
training/food/1015.jpg,417
training/food/1029.jpg,375
training/food/556.jpg,292
training/food/230.jpg,385
training/food/224.jpg,385
training/food/542.jpg,55
training/food/218.jpg,424
training/food/797.jpg,108
training/food/1203.jpg,119
training/food/1217.jpg,98
training/food/783.jpg,288
training/food/973.jpg,371
training/food/967.jpg,370
training/food/754.jpg,164
training/food/740.jpg,242
training/food/998.jpg,158
training/food/768.jpg,497
training/food/769.jpg,91
training/food/999.jpg,125
training/food/741.jpg,78
training/food/755.jpg,188
training/food/966.jpg,336
training/food/972.jpg,218
training/food/782.jpg,59
training/food/1216.jpg,410
training/food/1202.jpg,269
training/food/796.jpg,227
training/food/219.jpg,424
training/food/225.jpg,314
training/food/543.jpg,480
training/food/557.jpg,422
training/food/231.jpg,354
training/food/1028.jpg,464
training/food/1014.jpg,312
training/food/580.jpg,80
training/food/594.jpg,395
training/food/1000.jpg,357
training/food/379.jpg,95
training/food/351.jpg,206
training/food/437.jpg,81
training/food/423.jpg,287
training/food/345.jpg,408
training/food/1148.jpg,264
training/food/392.jpg,426
training/food/1160.jpg,63
training/food/1174.jpg,206
training/food/386.jpg,395
training/food/91.jpg,168
training/food/609.jpg,491
training/food/85.jpg,285
training/food/1389.jpg,442
training/food/635.jpg,304
training/food/153.jpg,167
training/food/147.jpg,193
training/food/621.jpg,242
training/food/812.jpg,440
training/food/52.jpg,251
training/food/1438.jpg,100
training/food/0.jpg,357
training/food/806.jpg,418
training/food/46.jpg,398
training/food/1362.jpg,468
training/food/190.jpg,142
training/food/1404.jpg,275
training/food/1410.jpg,159
training/food/184.jpg,369
training/food/1376.jpg,242
validation/food/63.jpg,298
validation/food/189.jpg,183
validation/food/77.jpg,324
validation/food/162.jpg,480
validation/food/176.jpg,174
validation/food/88.jpg,444
validation/food/348.jpg,391
validation/food/360.jpg,71
validation/food/406.jpg,111
validation/food/412.jpg,365
validation/food/374.jpg,61
validation/food/228.jpg,432
validation/food/214.jpg,415
validation/food/200.jpg,413
validation/food/201.jpg,338
validation/food/215.jpg,96
validation/food/229.jpg,387
validation/food/413.jpg,459
validation/food/375.jpg,349
validation/food/361.jpg,184
validation/food/407.jpg,212
validation/food/349.jpg,261
validation/food/177.jpg,323
validation/food/89.jpg,404
validation/food/163.jpg,428
validation/food/188.jpg,315
validation/food/76.jpg,147
validation/food/62.jpg,228
validation/food/74.jpg,179
validation/food/60.jpg,395
validation/food/48.jpg,112
validation/food/149.jpg,58
validation/food/175.jpg,428
validation/food/161.jpg,52
validation/food/388.jpg,166
validation/food/439.jpg,169
validation/food/377.jpg,493
validation/food/411.jpg,85
validation/food/405.jpg,343
validation/food/363.jpg,95
validation/food/203.jpg,57
validation/food/217.jpg,401
validation/food/216.jpg,106
validation/food/202.jpg,63
validation/food/404.jpg,183
validation/food/362.jpg,70
validation/food/376.jpg,62
validation/food/410.jpg,297
validation/food/438.jpg,369
validation/food/389.jpg,301
validation/food/160.jpg,103
validation/food/174.jpg,422
validation/food/148.jpg,173
validation/food/49.jpg,312
validation/food/61.jpg,424
validation/food/75.jpg,348
validation/food/59.jpg,316
validation/food/71.jpg,384
validation/food/65.jpg,297
validation/food/170.jpg,132
validation/food/164.jpg,265
validation/food/158.jpg,119
validation/food/399.jpg,97
validation/food/414.jpg,69
validation/food/372.jpg,398
validation/food/366.jpg,193
validation/food/400.jpg,167
validation/food/428.jpg,147
validation/food/206.jpg,200
validation/food/212.jpg,375
validation/food/213.jpg,276
validation/food/207.jpg,123
validation/food/429.jpg,486
validation/food/367.jpg,148
validation/food/401.jpg,93
validation/food/415.jpg,430
validation/food/373.jpg,489
validation/food/398.jpg,419
validation/food/159.jpg,134
validation/food/165.jpg,254
validation/food/171.jpg,380
validation/food/64.jpg,238
validation/food/70.jpg,343
validation/food/58.jpg,190
validation/food/8.jpg,380
validation/food/198.jpg,397
validation/food/66.jpg,395
validation/food/72.jpg,416
validation/food/167.jpg,219
validation/food/99.jpg,67
validation/food/173.jpg,361
validation/food/403.jpg,435
validation/food/365.jpg,386
validation/food/371.jpg,350
validation/food/417.jpg,205
validation/food/359.jpg,374
validation/food/211.jpg,439
validation/food/205.jpg,199
validation/food/239.jpg,269
validation/food/238.jpg,499
validation/food/204.jpg,125
validation/food/210.jpg,264
validation/food/358.jpg,215
validation/food/370.jpg,108
validation/food/416.jpg,237
validation/food/402.jpg,398
validation/food/364.jpg,406
validation/food/172.jpg,150
validation/food/166.jpg,440
validation/food/98.jpg,450
validation/food/73.jpg,467
validation/food/199.jpg,289
validation/food/67.jpg,113
validation/food/9.jpg,235
validation/food/14.jpg,325
validation/food/28.jpg,236
validation/food/129.jpg,126
validation/food/101.jpg,450
validation/food/115.jpg,152
validation/food/459.jpg,309
validation/food/465.jpg,456
validation/food/303.jpg,261
validation/food/317.jpg,458
validation/food/471.jpg,258
validation/food/288.jpg,159
validation/food/277.jpg,161
validation/food/263.jpg,413
validation/food/262.jpg,97
validation/food/276.jpg,223
validation/food/289.jpg,247
validation/food/316.jpg,53
validation/food/470.jpg,348
validation/food/464.jpg,62
validation/food/302.jpg,417
validation/food/458.jpg,394
validation/food/114.jpg,353
validation/food/100.jpg,203
validation/food/128.jpg,135
validation/food/29.jpg,272
validation/food/15.jpg,484
validation/food/17.jpg,247
validation/food/116.jpg,130
validation/food/102.jpg,270
validation/food/499.jpg,269
validation/food/328.jpg,234
validation/food/472.jpg,345
validation/food/314.jpg,453
validation/food/300.jpg,452
validation/food/466.jpg,405
validation/food/248.jpg,304
validation/food/260.jpg,145
validation/food/274.jpg,171
validation/food/275.jpg,233
validation/food/261.jpg,103
validation/food/249.jpg,136
validation/food/301.jpg,481
validation/food/467.jpg,441
validation/food/473.jpg,428
validation/food/315.jpg,468
validation/food/329.jpg,183
validation/food/498.jpg,271
validation/food/103.jpg,110
validation/food/117.jpg,137
validation/food/16.jpg,179
validation/food/12.jpg,481
validation/food/113.jpg,172
validation/food/107.jpg,149
validation/food/488.jpg,143
validation/food/311.jpg,416
validation/food/477.jpg,183
validation/food/463.jpg,466
validation/food/305.jpg,138
validation/food/339.jpg,91
validation/food/265.jpg,295
validation/food/271.jpg,308
validation/food/259.jpg,243
validation/food/258.jpg,187
validation/food/270.jpg,149
validation/food/264.jpg,71
validation/food/338.jpg,417
validation/food/462.jpg,317
validation/food/304.jpg,226
validation/food/310.jpg,423
validation/food/476.jpg,108
validation/food/489.jpg,479
validation/food/106.jpg,411
validation/food/112.jpg,113
validation/food/13.jpg,437
validation/food/39.jpg,121
validation/food/11.jpg,290
validation/food/104.jpg,495
validation/food/110.jpg,331
validation/food/138.jpg,152
validation/food/306.jpg,430
validation/food/460.jpg,399
validation/food/474.jpg,177
validation/food/312.jpg,230
validation/food/448.jpg,266
validation/food/299.jpg,376
validation/food/272.jpg,172
validation/food/266.jpg,149
validation/food/267.jpg,386
validation/food/273.jpg,439
validation/food/298.jpg,121
validation/food/449.jpg,330
validation/food/475.jpg,297
validation/food/313.jpg,485
validation/food/307.jpg,151
validation/food/461.jpg,116
validation/food/139.jpg,447
validation/food/111.jpg,356
validation/food/105.jpg,215
validation/food/10.jpg,127
validation/food/38.jpg,385
validation/food/21.jpg,228
validation/food/35.jpg,266
validation/food/108.jpg,194
validation/food/120.jpg,400
validation/food/134.jpg,494
validation/food/487.jpg,119
validation/food/493.jpg,410
validation/food/478.jpg,270
validation/food/444.jpg,382
validation/food/322.jpg,301
validation/food/336.jpg,486
validation/food/450.jpg,374
validation/food/295.jpg,385
validation/food/281.jpg,337
validation/food/256.jpg,153
validation/food/242.jpg,240
validation/food/243.jpg,50
validation/food/257.jpg,391
validation/food/280.jpg,69
validation/food/294.jpg,356
validation/food/337.jpg,400
validation/food/451.jpg,119
validation/food/445.jpg,220
validation/food/323.jpg,206
validation/food/479.jpg,464
validation/food/492.jpg,153
validation/food/486.jpg,264
validation/food/135.jpg,179
validation/food/121.jpg,483
validation/food/109.jpg,300
validation/food/34.jpg,263
validation/food/20.jpg,450
validation/food/36.jpg,192
validation/food/22.jpg,430
validation/food/137.jpg,322
validation/food/123.jpg,318
validation/food/490.jpg,375
validation/food/484.jpg,327
validation/food/309.jpg,271
validation/food/453.jpg,378
validation/food/335.jpg,116
validation/food/321.jpg,466
validation/food/447.jpg,447
validation/food/282.jpg,349
validation/food/296.jpg,265
validation/food/269.jpg,359
validation/food/241.jpg,202
validation/food/255.jpg,194
validation/food/254.jpg,129
validation/food/240.jpg,477
validation/food/268.jpg,367
validation/food/297.jpg,473
validation/food/283.jpg,290
validation/food/320.jpg,86
validation/food/446.jpg,236
validation/food/452.jpg,129
validation/food/334.jpg,426
validation/food/308.jpg,122
validation/food/485.jpg,95
validation/food/491.jpg,234
validation/food/122.jpg,446
validation/food/136.jpg,219
validation/food/23.jpg,171
validation/food/37.jpg,209
validation/food/33.jpg,419
validation/food/27.jpg,203
validation/food/132.jpg,200
validation/food/126.jpg,213
validation/food/495.jpg,64
validation/food/481.jpg,382
validation/food/330.jpg,123
validation/food/456.jpg,227
validation/food/442.jpg,282
validation/food/324.jpg,314
validation/food/318.jpg,149
validation/food/287.jpg,248
validation/food/293.jpg,431
validation/food/244.jpg,61
validation/food/250.jpg,304
validation/food/278.jpg,103
validation/food/279.jpg,267
validation/food/251.jpg,447
validation/food/245.jpg,236
validation/food/292.jpg,489
validation/food/286.jpg,230
validation/food/319.jpg,434
validation/food/443.jpg,385
validation/food/325.jpg,395
validation/food/331.jpg,369
validation/food/457.jpg,142
validation/food/480.jpg,140
validation/food/494.jpg,360
validation/food/127.jpg,256
validation/food/133.jpg,459
validation/food/26.jpg,301
validation/food/32.jpg,445
validation/food/18.jpg,190
validation/food/24.jpg,262
validation/food/30.jpg,327
validation/food/125.jpg,178
validation/food/131.jpg,488
validation/food/119.jpg,123
validation/food/482.jpg,106
validation/food/496.jpg,472
validation/food/327.jpg,57
validation/food/441.jpg,121
validation/food/455.jpg,460
validation/food/333.jpg,158
validation/food/469.jpg,485
validation/food/290.jpg,352
validation/food/284.jpg,372
validation/food/253.jpg,332
validation/food/247.jpg,430
validation/food/246.jpg,433
validation/food/252.jpg,239
validation/food/285.jpg,174
validation/food/291.jpg,185
validation/food/468.jpg,206
validation/food/454.jpg,182
validation/food/332.jpg,244
validation/food/326.jpg,135
validation/food/440.jpg,136
validation/food/497.jpg,99
validation/food/483.jpg,165
validation/food/118.jpg,309
validation/food/130.jpg,173
validation/food/124.jpg,284
validation/food/31.jpg,136
validation/food/25.jpg,175
validation/food/19.jpg,329
validation/food/42.jpg,298
validation/food/4.jpg,318
validation/food/56.jpg,379
validation/food/180.jpg,93
validation/food/194.jpg,296
validation/food/81.jpg,362
validation/food/95.jpg,371
validation/food/143.jpg,500
validation/food/157.jpg,97
validation/food/382.jpg,98
validation/food/396.jpg,82
validation/food/369.jpg,258
validation/food/341.jpg,92
validation/food/427.jpg,321
validation/food/433.jpg,181
validation/food/355.jpg,411
validation/food/209.jpg,232
validation/food/235.jpg,265
validation/food/221.jpg,155
validation/food/220.jpg,465
validation/food/234.jpg,366
validation/food/208.jpg,281
validation/food/432.jpg,337
validation/food/354.jpg,397
validation/food/340.jpg,372
validation/food/426.jpg,321
validation/food/368.jpg,456
validation/food/397.jpg,345
validation/food/383.jpg,211
validation/food/156.jpg,85
validation/food/142.jpg,245
validation/food/94.jpg,179
validation/food/80.jpg,193
validation/food/195.jpg,55
validation/food/181.jpg,367
validation/food/5.jpg,187
validation/food/57.jpg,443
validation/food/43.jpg,85
validation/food/55.jpg,162
validation/food/7.jpg,231
validation/food/41.jpg,214
validation/food/69.jpg,438
validation/food/197.jpg,242
validation/food/183.jpg,99
validation/food/96.jpg,445
validation/food/168.jpg,479
validation/food/82.jpg,107
validation/food/154.jpg,312
validation/food/140.jpg,193
validation/food/395.jpg,126
validation/food/381.jpg,137
validation/food/418.jpg,62
validation/food/356.jpg,59
validation/food/430.jpg,263
validation/food/424.jpg,488
validation/food/342.jpg,210
validation/food/222.jpg,382
validation/food/236.jpg,272
validation/food/237.jpg,184
validation/food/223.jpg,310
validation/food/425.jpg,477
validation/food/343.jpg,460
validation/food/357.jpg,381
validation/food/431.jpg,59
validation/food/419.jpg,339
validation/food/380.jpg,441
validation/food/394.jpg,291
validation/food/141.jpg,88
validation/food/155.jpg,230
validation/food/83.jpg,177
validation/food/97.jpg,352
validation/food/169.jpg,433
validation/food/182.jpg,87
validation/food/68.jpg,403
validation/food/196.jpg,368
validation/food/40.jpg,282
validation/food/54.jpg,310
validation/food/6.jpg,222
validation/food/192.jpg,189
validation/food/78.jpg,421
validation/food/186.jpg,454
validation/food/2.jpg,438
validation/food/50.jpg,223
validation/food/44.jpg,71
validation/food/151.jpg,458
validation/food/145.jpg,445
validation/food/93.jpg,203
validation/food/87.jpg,286
validation/food/179.jpg,223
validation/food/390.jpg,107
validation/food/384.jpg,407
validation/food/435.jpg,467
validation/food/353.jpg,136
validation/food/347.jpg,253
validation/food/421.jpg,86
validation/food/409.jpg,215
validation/food/227.jpg,213
validation/food/233.jpg,446
validation/food/232.jpg,251
validation/food/226.jpg,201
validation/food/408.jpg,181
validation/food/346.jpg,313
validation/food/420.jpg,130
validation/food/434.jpg,319
validation/food/352.jpg,317
validation/food/385.jpg,371
validation/food/391.jpg,142
validation/food/86.jpg,99
validation/food/178.jpg,101
validation/food/92.jpg,486
validation/food/144.jpg,405
validation/food/150.jpg,74
validation/food/45.jpg,330
validation/food/3.jpg,298
validation/food/51.jpg,108
validation/food/79.jpg,72
validation/food/187.jpg,138
validation/food/193.jpg,88
validation/food/185.jpg,320
validation/food/191.jpg,329
validation/food/47.jpg,107
validation/food/53.jpg,423
validation/food/1.jpg,473
validation/food/146.jpg,480
validation/food/152.jpg,432
validation/food/84.jpg,55
validation/food/90.jpg,421
validation/food/387.jpg,445
validation/food/393.jpg,307
validation/food/422.jpg,114
validation/food/344.jpg,463
validation/food/350.jpg,439
validation/food/436.jpg,318
validation/food/378.jpg,324
validation/food/230.jpg,458
validation/food/224.jpg,384
validation/food/218.jpg,60
validation/food/219.jpg,483
validation/food/225.jpg,243
validation/food/231.jpg,83
validation/food/379.jpg,403
validation/food/351.jpg,64
validation/food/437.jpg,433
validation/food/423.jpg,241
validation/food/345.jpg,410
validation/food/392.jpg,176
validation/food/386.jpg,399
validation/food/91.jpg,495
validation/food/85.jpg,72
validation/food/153.jpg,341
validation/food/147.jpg,106
validation/food/52.jpg,378
validation/food/0.jpg,293
validation/food/46.jpg,115
validation/food/190.jpg,157
validation/food/184.jpg,380
evaluation/food/63.jpg,138
evaluation/food/189.jpg,351
evaluation/food/77.jpg,431
evaluation/food/162.jpg,282
evaluation/food/176.jpg,388
evaluation/food/88.jpg,381
evaluation/food/348.jpg,339
evaluation/food/360.jpg,200
evaluation/food/406.jpg,103
evaluation/food/412.jpg,272
evaluation/food/374.jpg,226
evaluation/food/228.jpg,407
evaluation/food/214.jpg,386
evaluation/food/200.jpg,66
evaluation/food/201.jpg,118
evaluation/food/215.jpg,309
evaluation/food/229.jpg,382
evaluation/food/413.jpg,207
evaluation/food/375.jpg,214
evaluation/food/361.jpg,203
evaluation/food/407.jpg,329
evaluation/food/349.jpg,274
evaluation/food/177.jpg,66
evaluation/food/89.jpg,454
evaluation/food/163.jpg,279
evaluation/food/188.jpg,257
evaluation/food/76.jpg,231
evaluation/food/62.jpg,142
evaluation/food/74.jpg,281
evaluation/food/60.jpg,259
evaluation/food/48.jpg,178
evaluation/food/149.jpg,433
evaluation/food/175.jpg,485
evaluation/food/161.jpg,179
evaluation/food/388.jpg,248
evaluation/food/439.jpg,321
evaluation/food/377.jpg,246
evaluation/food/411.jpg,325
evaluation/food/405.jpg,96
evaluation/food/363.jpg,363
evaluation/food/203.jpg,153
evaluation/food/217.jpg,171
evaluation/food/216.jpg,155
evaluation/food/202.jpg,200
evaluation/food/404.jpg,221
evaluation/food/362.jpg,64
evaluation/food/376.jpg,448
evaluation/food/410.jpg,474
evaluation/food/438.jpg,273
evaluation/food/389.jpg,114
evaluation/food/160.jpg,338
evaluation/food/174.jpg,432
evaluation/food/148.jpg,62
evaluation/food/49.jpg,203
evaluation/food/61.jpg,475
evaluation/food/75.jpg,220
evaluation/food/59.jpg,83
evaluation/food/71.jpg,486
evaluation/food/65.jpg,118
evaluation/food/170.jpg,251
evaluation/food/164.jpg,415
evaluation/food/158.jpg,428
evaluation/food/399.jpg,231
evaluation/food/414.jpg,164
evaluation/food/372.jpg,177
evaluation/food/366.jpg,387
evaluation/food/400.jpg,225
evaluation/food/428.jpg,172
evaluation/food/206.jpg,174
evaluation/food/212.jpg,114
evaluation/food/213.jpg,189
evaluation/food/207.jpg,341
evaluation/food/429.jpg,455
evaluation/food/367.jpg,366
evaluation/food/401.jpg,385
evaluation/food/415.jpg,146
evaluation/food/373.jpg,71
evaluation/food/398.jpg,450
evaluation/food/159.jpg,260
evaluation/food/165.jpg,89
evaluation/food/171.jpg,469
evaluation/food/64.jpg,271
evaluation/food/70.jpg,289
evaluation/food/58.jpg,490
evaluation/food/8.jpg,400
evaluation/food/198.jpg,96
evaluation/food/66.jpg,302
evaluation/food/72.jpg,323
evaluation/food/167.jpg,139
evaluation/food/99.jpg,448
evaluation/food/173.jpg,131
evaluation/food/403.jpg,247
evaluation/food/365.jpg,466
evaluation/food/371.jpg,337
evaluation/food/417.jpg,358
evaluation/food/359.jpg,496
evaluation/food/211.jpg,256
evaluation/food/205.jpg,56
evaluation/food/239.jpg,57
evaluation/food/238.jpg,100
evaluation/food/204.jpg,98
evaluation/food/210.jpg,249
evaluation/food/358.jpg,312
evaluation/food/370.jpg,314
evaluation/food/416.jpg,290
evaluation/food/402.jpg,237
evaluation/food/364.jpg,495
evaluation/food/172.jpg,120
evaluation/food/166.jpg,144
evaluation/food/98.jpg,71
evaluation/food/73.jpg,112
evaluation/food/199.jpg,221
evaluation/food/67.jpg,369
evaluation/food/9.jpg,175
evaluation/food/14.jpg,259
evaluation/food/28.jpg,179
evaluation/food/129.jpg,247
evaluation/food/101.jpg,210
evaluation/food/115.jpg,269
evaluation/food/459.jpg,220
evaluation/food/465.jpg,378
evaluation/food/303.jpg,379
evaluation/food/317.jpg,383
evaluation/food/471.jpg,360
evaluation/food/288.jpg,273
evaluation/food/277.jpg,349
evaluation/food/263.jpg,213
evaluation/food/262.jpg,222
evaluation/food/276.jpg,381
evaluation/food/289.jpg,91
evaluation/food/316.jpg,139
evaluation/food/470.jpg,117
evaluation/food/464.jpg,252
evaluation/food/302.jpg,381
evaluation/food/458.jpg,291
evaluation/food/114.jpg,127
evaluation/food/100.jpg,91
evaluation/food/128.jpg,439
evaluation/food/29.jpg,195
evaluation/food/15.jpg,213
evaluation/food/17.jpg,196
evaluation/food/116.jpg,442
evaluation/food/102.jpg,422
evaluation/food/499.jpg,471
evaluation/food/328.jpg,81
evaluation/food/472.jpg,247
evaluation/food/314.jpg,293
evaluation/food/300.jpg,163
evaluation/food/466.jpg,490
evaluation/food/248.jpg,121
evaluation/food/260.jpg,490
evaluation/food/274.jpg,297
evaluation/food/275.jpg,429
evaluation/food/261.jpg,357
evaluation/food/249.jpg,183
evaluation/food/301.jpg,338
evaluation/food/467.jpg,234
evaluation/food/473.jpg,245
evaluation/food/315.jpg,498
evaluation/food/329.jpg,343
evaluation/food/498.jpg,280
evaluation/food/103.jpg,147
evaluation/food/117.jpg,445
evaluation/food/16.jpg,269
evaluation/food/12.jpg,297
evaluation/food/113.jpg,406
evaluation/food/107.jpg,91
evaluation/food/488.jpg,398
evaluation/food/311.jpg,71
evaluation/food/477.jpg,266
evaluation/food/463.jpg,489
evaluation/food/305.jpg,317
evaluation/food/339.jpg,416
evaluation/food/265.jpg,121
evaluation/food/271.jpg,213
evaluation/food/259.jpg,290
evaluation/food/258.jpg,411
evaluation/food/270.jpg,162
evaluation/food/264.jpg,179
evaluation/food/338.jpg,133
evaluation/food/462.jpg,480
evaluation/food/304.jpg,76
evaluation/food/310.jpg,358
evaluation/food/476.jpg,196
evaluation/food/489.jpg,135
evaluation/food/106.jpg,380
evaluation/food/112.jpg,145
evaluation/food/13.jpg,319
evaluation/food/39.jpg,230
evaluation/food/11.jpg,402
evaluation/food/104.jpg,141
evaluation/food/110.jpg,240
evaluation/food/138.jpg,406
evaluation/food/306.jpg,231
evaluation/food/460.jpg,297
evaluation/food/474.jpg,436
evaluation/food/312.jpg,117
evaluation/food/448.jpg,83
evaluation/food/299.jpg,154
evaluation/food/272.jpg,155
evaluation/food/266.jpg,393
evaluation/food/267.jpg,141
evaluation/food/273.jpg,173
evaluation/food/298.jpg,305
evaluation/food/449.jpg,343
evaluation/food/475.jpg,219
evaluation/food/313.jpg,262
evaluation/food/307.jpg,273
evaluation/food/461.jpg,470
evaluation/food/139.jpg,110
evaluation/food/111.jpg,338
evaluation/food/105.jpg,493
evaluation/food/10.jpg,334
evaluation/food/38.jpg,144
evaluation/food/21.jpg,468
evaluation/food/35.jpg,270
evaluation/food/108.jpg,113
evaluation/food/120.jpg,265
evaluation/food/134.jpg,478
evaluation/food/487.jpg,340
evaluation/food/493.jpg,409
evaluation/food/478.jpg,261
evaluation/food/444.jpg,356
evaluation/food/322.jpg,341
evaluation/food/336.jpg,444
evaluation/food/450.jpg,409
evaluation/food/295.jpg,358
evaluation/food/281.jpg,166
evaluation/food/256.jpg,148
evaluation/food/242.jpg,425
evaluation/food/243.jpg,127
evaluation/food/257.jpg,482
evaluation/food/280.jpg,185
evaluation/food/294.jpg,362
evaluation/food/337.jpg,328
evaluation/food/451.jpg,249
evaluation/food/445.jpg,193
evaluation/food/323.jpg,270
evaluation/food/479.jpg,498
evaluation/food/492.jpg,263
evaluation/food/486.jpg,346
evaluation/food/135.jpg,91
evaluation/food/121.jpg,200
evaluation/food/109.jpg,211
evaluation/food/34.jpg,275
evaluation/food/20.jpg,472
evaluation/food/36.jpg,191
evaluation/food/22.jpg,168
evaluation/food/137.jpg,426
evaluation/food/123.jpg,242
evaluation/food/490.jpg,68
evaluation/food/484.jpg,288
evaluation/food/309.jpg,406
evaluation/food/453.jpg,84
evaluation/food/335.jpg,371
evaluation/food/321.jpg,456
evaluation/food/447.jpg,418
evaluation/food/282.jpg,495
evaluation/food/296.jpg,342
evaluation/food/269.jpg,337
evaluation/food/241.jpg,171
evaluation/food/255.jpg,220
evaluation/food/254.jpg,406
evaluation/food/240.jpg,193
evaluation/food/268.jpg,271
evaluation/food/297.jpg,247
evaluation/food/283.jpg,87
evaluation/food/320.jpg,138
evaluation/food/446.jpg,449
evaluation/food/452.jpg,479
evaluation/food/334.jpg,346
evaluation/food/308.jpg,490
evaluation/food/485.jpg,257
evaluation/food/491.jpg,431
evaluation/food/122.jpg,63
evaluation/food/136.jpg,98
evaluation/food/23.jpg,477
evaluation/food/37.jpg,73
evaluation/food/33.jpg,314
evaluation/food/27.jpg,478
evaluation/food/132.jpg,257
evaluation/food/126.jpg,101
evaluation/food/495.jpg,189
evaluation/food/481.jpg,213
evaluation/food/330.jpg,201
evaluation/food/456.jpg,374
evaluation/food/442.jpg,375
evaluation/food/324.jpg,281
evaluation/food/318.jpg,182
evaluation/food/287.jpg,347
evaluation/food/293.jpg,96
evaluation/food/244.jpg,498
evaluation/food/250.jpg,343
evaluation/food/278.jpg,109
evaluation/food/279.jpg,223
evaluation/food/251.jpg,485
evaluation/food/245.jpg,107
evaluation/food/292.jpg,302
evaluation/food/286.jpg,418
evaluation/food/319.jpg,380
evaluation/food/443.jpg,391
evaluation/food/325.jpg,259
evaluation/food/331.jpg,325
evaluation/food/457.jpg,160
evaluation/food/480.jpg,400
evaluation/food/494.jpg,462
evaluation/food/127.jpg,344
evaluation/food/133.jpg,400
evaluation/food/26.jpg,138
evaluation/food/32.jpg,468
evaluation/food/18.jpg,386
evaluation/food/24.jpg,305
evaluation/food/30.jpg,57
evaluation/food/125.jpg,107
evaluation/food/131.jpg,270
evaluation/food/119.jpg,193
evaluation/food/482.jpg,172
evaluation/food/496.jpg,275
evaluation/food/327.jpg,261
evaluation/food/441.jpg,469
evaluation/food/455.jpg,307
evaluation/food/333.jpg,357
evaluation/food/469.jpg,306
evaluation/food/290.jpg,476
evaluation/food/284.jpg,478
evaluation/food/253.jpg,298
evaluation/food/247.jpg,131
evaluation/food/246.jpg,299
evaluation/food/252.jpg,397
evaluation/food/285.jpg,53
evaluation/food/291.jpg,113
evaluation/food/468.jpg,182
evaluation/food/454.jpg,333
evaluation/food/332.jpg,478
evaluation/food/326.jpg,147
evaluation/food/440.jpg,96
evaluation/food/497.jpg,74
evaluation/food/483.jpg,131
evaluation/food/118.jpg,200
evaluation/food/130.jpg,228
evaluation/food/124.jpg,393
evaluation/food/31.jpg,277
evaluation/food/25.jpg,139
evaluation/food/19.jpg,308
evaluation/food/42.jpg,242
evaluation/food/4.jpg,128
evaluation/food/56.jpg,358
evaluation/food/180.jpg,101
evaluation/food/194.jpg,77
evaluation/food/81.jpg,276
evaluation/food/95.jpg,234
evaluation/food/143.jpg,251
evaluation/food/157.jpg,451
evaluation/food/382.jpg,314
evaluation/food/396.jpg,325
evaluation/food/369.jpg,176
evaluation/food/341.jpg,268
evaluation/food/427.jpg,405
evaluation/food/433.jpg,404
evaluation/food/355.jpg,80
evaluation/food/209.jpg,202
evaluation/food/235.jpg,163
evaluation/food/221.jpg,163
evaluation/food/220.jpg,460
evaluation/food/234.jpg,210
evaluation/food/208.jpg,395
evaluation/food/432.jpg,202
evaluation/food/354.jpg,394
evaluation/food/340.jpg,455
evaluation/food/426.jpg,191
evaluation/food/368.jpg,339
evaluation/food/397.jpg,437
evaluation/food/383.jpg,56
evaluation/food/156.jpg,413
evaluation/food/142.jpg,150
evaluation/food/94.jpg,416
evaluation/food/80.jpg,458
evaluation/food/195.jpg,56
evaluation/food/181.jpg,359
evaluation/food/5.jpg,158
evaluation/food/57.jpg,457
evaluation/food/43.jpg,129
evaluation/food/55.jpg,494
evaluation/food/7.jpg,395
evaluation/food/41.jpg,62
evaluation/food/69.jpg,159
evaluation/food/197.jpg,142
evaluation/food/183.jpg,472
evaluation/food/96.jpg,323
evaluation/food/168.jpg,470
evaluation/food/82.jpg,440
evaluation/food/154.jpg,382
evaluation/food/140.jpg,67
evaluation/food/395.jpg,427
evaluation/food/381.jpg,479
evaluation/food/418.jpg,320
evaluation/food/356.jpg,190
evaluation/food/430.jpg,174
evaluation/food/424.jpg,390
evaluation/food/342.jpg,240
evaluation/food/222.jpg,401
evaluation/food/236.jpg,206
evaluation/food/237.jpg,155
evaluation/food/223.jpg,121
evaluation/food/425.jpg,369
evaluation/food/343.jpg,434
evaluation/food/357.jpg,138
evaluation/food/431.jpg,159
evaluation/food/419.jpg,146
evaluation/food/380.jpg,452
evaluation/food/394.jpg,342
evaluation/food/141.jpg,96
evaluation/food/155.jpg,337
evaluation/food/83.jpg,257
evaluation/food/97.jpg,436
evaluation/food/169.jpg,232
evaluation/food/182.jpg,90
evaluation/food/68.jpg,168
evaluation/food/196.jpg,84
evaluation/food/40.jpg,170
evaluation/food/54.jpg,142
evaluation/food/6.jpg,441
evaluation/food/192.jpg,423
evaluation/food/78.jpg,282
evaluation/food/186.jpg,154
evaluation/food/2.jpg,253
evaluation/food/50.jpg,442
evaluation/food/44.jpg,101
evaluation/food/151.jpg,170
evaluation/food/145.jpg,265
evaluation/food/93.jpg,493
evaluation/food/87.jpg,363
evaluation/food/179.jpg,380
evaluation/food/390.jpg,199
evaluation/food/384.jpg,334
evaluation/food/435.jpg,442
evaluation/food/353.jpg,89
evaluation/food/347.jpg,78
evaluation/food/421.jpg,458
evaluation/food/409.jpg,68
evaluation/food/227.jpg,354
evaluation/food/233.jpg,200
evaluation/food/232.jpg,319
evaluation/food/226.jpg,387
evaluation/food/408.jpg,167
evaluation/food/346.jpg,188
evaluation/food/420.jpg,456
evaluation/food/434.jpg,477
evaluation/food/352.jpg,202
evaluation/food/385.jpg,118
evaluation/food/391.jpg,324
evaluation/food/86.jpg,119
evaluation/food/178.jpg,388
evaluation/food/92.jpg,370
evaluation/food/144.jpg,178
evaluation/food/150.jpg,318
evaluation/food/45.jpg,137
evaluation/food/3.jpg,443
evaluation/food/51.jpg,183
evaluation/food/79.jpg,456
evaluation/food/187.jpg,442
evaluation/food/193.jpg,118
evaluation/food/185.jpg,230
evaluation/food/191.jpg,300
evaluation/food/47.jpg,258
evaluation/food/53.jpg,357
evaluation/food/1.jpg,354
evaluation/food/146.jpg,148
evaluation/food/152.jpg,184
evaluation/food/84.jpg,91
evaluation/food/90.jpg,305
evaluation/food/387.jpg,487
evaluation/food/393.jpg,183
evaluation/food/422.jpg,380
evaluation/food/344.jpg,453
evaluation/food/350.jpg,187
evaluation/food/436.jpg,344
evaluation/food/378.jpg,177
evaluation/food/230.jpg,285
evaluation/food/224.jpg,72
evaluation/food/218.jpg,216
evaluation/food/219.jpg,387
evaluation/food/225.jpg,397
evaluation/food/231.jpg,424
evaluation/food/379.jpg,446
evaluation/food/351.jpg,458
evaluation/food/437.jpg,360
evaluation/food/423.jpg,312
evaluation/food/345.jpg,463
evaluation/food/392.jpg,144
evaluation/food/386.jpg,390
evaluation/food/91.jpg,254
evaluation/food/85.jpg,308
evaluation/food/153.jpg,366
evaluation/food/147.jpg,429
evaluation/food/52.jpg,272
evaluation/food/0.jpg,89
evaluation/food/46.jpg,419
evaluation/food/190.jpg,229
evaluation/food/184.jpg,69
